Relatório de campanha;;;;;;;;;;;;;;;;;;;;;;;;;;
1 de Janeiro de 2022 - 27 de Junho de 2022;;;;;;;;;;;;;;;;;;;;;;;;;;
Dia;Status da campanha;Campanha;Nome do orçamento;Código da moeda;Orçamento;Tipo de orçamento;Status;Motivos do status;Tipo de campanha;Pontuação de otimização;Impr.;Conversões;Custo / conv.;Custo;Taxa de conv.;Custo médio;Interações;Taxa de interação;Tipo de estratégia de lances;Cliques;CTR;Engajamentos;Visualizações;Ligações telefônicas;Impr. chamadas;PTR (taxa de chamadas)
17/01/2022;Ativada;[download]Manutencao_Marketing_geral; --;BRL;200;Diário;Qualificado;;App;100;7.091;205;0,46;94,22;41,75%;0,19;491;6,92%;CPA desejado;302;4,26%;191;109;0;0; --
24/01/2022;Ativada;[download]Manutencao_Marketing_geral; --;BRL;200;Diário;Qualificado;;App;100;7.947;208;0,46;96,2;19,40%;0,09;1.072;13,49%;CPA desejado;281;3,54%;793;497;0;0; --
27/01/2022;Ativada;[download]Manutencao_Marketing_geral; --;BRL;200;Diário;Qualificado;;App;100;8.184;235;0,41;95,94;23,13%;0,09;1.016;12,41%;CPA desejado;293;3,58%;725;481;0;0; --
02/03/2022;Ativada;[download]Manutencao_Marketing_geral; --;BRL;200;Diário;Qualificado;;App;100;18.473;443;0,34;149,21;20,21%;0,07;2.192;11,87%;CPA desejado;656;3,55%;1.548;1.001;0;0; --
14/03/2022;Ativada;[download]Manutencao_Marketing_geral; --;BRL;200;Diário;Qualificado;;App;100;14.275;351;0,38;135,03;38,87%;0,15;903;6,33%;CPA desejado;504;3,53%;401;265;0;0; --
16/03/2022;Ativada;[download]Manutencao_Marketing_geral; --;BRL;200;Diário;Qualificado;;App;100;15.380;400;0,43;172,41;29,65%;0,13;1.349;8,77%;CPA desejado;568;3,69%;785;552;0;0; --
19/03/2022;Ativada;[download]Manutencao_Marketing_geral; --;BRL;200;Diário;Qualificado;;App;100;12.373;412;0,41;167,11;24,31%;0,1;1.695;13,70%;CPA desejado;506;4,09%;1.197;822;0;0; --
24/03/2022;Ativada;[download]Manutencao_Marketing_geral; --;BRL;200;Diário;Qualificado;;App;100;27.354;275;0,6;164,05;11,46%;0,07;2.400;8,77%;CPA desejado;432;1,58%;1.988;1.169;0;0; --
26/03/2022;Ativada;[download]Manutencao_Marketing_geral; --;BRL;200;Diário;Qualificado;;App;100;11.639;337;0,56;187,94;14,92%;0,08;2.258;19,40%;CPA desejado;369;3,17%;1.897;1.213;0;0; --
18/04/2022;Ativada;[download]Manutencao_Marketing_geral; --;BRL;200;Diário;Qualificado;;App;100;10.765;366;0,28;101,42;22,21%;0,06;1.648;15,31%;CPA desejado;486;4,51%;1.170;776;0;0; --
08/05/2022;Ativada;[download]Manutencao_Marketing_geral; --;BRL;200;Diário;Qualificado;;App;100;16.256;598;0,25;146,7;69,05%;0,17;866;5,33%;CPA desejado;860;5,29%;6;3;0;0; --
09/05/2022;Ativada;[download]Manutencao_Marketing_geral; --;BRL;200;Diário;Qualificado;;App;100;12.252;345;0,3;103,69;62,73%;0,19;550;4,49%;CPA desejado;544;4,44%;6;5;0;0; --
12/05/2022;Ativada;[download]Manutencao_Marketing_geral; --;BRL;200;Diário;Qualificado;;App;100;11.830;344;0,27;91,37;65,28%;0,17;527;4,45%;CPA desejado;522;4,41%;5;3;0;0; --
14/05/2022;Ativada;[download]Manutencao_Marketing_geral; --;BRL;200;Diário;Qualificado;;App;100;16.292;555;0,26;145,78;59,61%;0,16;931;5,71%;CPA desejado;809;4,97%;122;90;0;0; --
16/05/2022;Ativada;[download]Manutencao_Marketing_geral; --;BRL;200;Diário;Qualificado;;App;100;11.801;388;0,23;89,65;56,40%;0,13;688;5,83%;CPA desejado;580;4,91%;109;77;0;0; --
20/05/2022;Ativada;[download]Manutencao_Marketing_geral; --;BRL;200;Diário;Qualificado;;App;100;20.007;703;0,27;188,03;24,00%;0,06;2.929;14,64%;CPA desejado;989;4,94%;1.956;1.281;0;0; --
30/05/2022;Ativada;[download]Manutencao_Marketing_geral; --;BRL;200;Diário;Qualificado;;App;100;17.675;531;0,25;134,93;47,45%;0,12;1.119;6,33%;CPA desejado;800;4,53%;325;231;0;0; --
19/06/2022;Ativada;[download]Manutencao_Marketing_geral; --;BRL;200;Diário;Qualificado;;App;100;19.314;921;0,29;270,42;31,58%;0,09;2.916;15,10%;CPA desejado;1.187;6,15%;1.733;1.198;0;0; --
24/06/2022;Ativada;[download]Manutencao_Marketing_geral; --;BRL;200;Diário;Qualificado;;App;100;16.614;807;0,26;209,22;59,87%;0,16;1.348;8,11%;CPA desejado;1.123;6,76%;225;155;0;0; --
25/06/2022;Ativada;[download]Manutencao_Marketing_geral; --;BRL;200;Diário;Qualificado;;App;100;15.503;635;0,26;164,76;47,46%;0,12;1.338;8,63%;CPA desejado;873;5,63%;466;324;0;0; --
06/01/2022;Ativada;[download]Manutencao_Marketing_geral; --;BRL;200;Diário;Qualificado;;App;100;0;0;0;0;0,00%; --;0; --;CPA desejado;0; --;0;0;0;0; --
14/01/2022;Ativada;[download]Manutencao_Marketing_geral; --;BRL;200;Diário;Qualificado;;App;100;6.732;213;0,44;93,97;62,65%;0,28;340;5,05%;CPA desejado;316;4,69%;24;14;0;0; --
18/01/2022;Ativada;[download]Manutencao_Marketing_geral; --;BRL;200;Diário;Qualificado;;App;100;6.137;205;0,46;94,06;25,43%;0,12;806;13,13%;CPA desejado;267;4,35%;543;365;0;0; --
26/01/2022;Ativada;[download]Manutencao_Marketing_geral; --;BRL;200;Diário;Qualificado;;App;100;8.453;193;0,5;95,96;16,99%;0,08;1.136;13,44%;CPA desejado;273;3,23%;865;533;0;0; --
29/01/2022;Ativada;[download]Manutencao_Marketing_geral; --;BRL;200;Diário;Qualificado;;App;100;0;0;0;0;0,00%; --;0; --;CPA desejado;0; --;0;0;0;0; --
03/02/2022;Ativada;[download]Manutencao_Marketing_geral; --;BRL;200;Diário;Qualificado;;App;100;0;0;0;0;0,00%; --;0; --;CPA desejado;0; --;0;0;0;0; --
09/02/2022;Ativada;[download]Manutencao_Marketing_geral; --;BRL;200;Diário;Qualificado;;App;100;0;0;0;0;0,00%; --;0; --;CPA desejado;0; --;0;0;0;0; --
16/02/2022;Ativada;[download]Manutencao_Marketing_geral; --;BRL;200;Diário;Qualificado;;App;100;9.332;220;0,76;167,31;26,54%;0,2;829;8,88%;CPA desejado;306;3,28%;528;284;0;0; --
19/02/2022;Ativada;[download]Manutencao_Marketing_geral; --;BRL;200;Diário;Qualificado;;App;100;10.211;298;0,53;156,54;25,98%;0,14;1.147;11,23%;CPA desejado;367;3,59%;781;520;0;0; --
21/02/2022;Ativada;[download]Manutencao_Marketing_geral; --;BRL;200;Diário;Qualificado;;App;100;13.081;340;0,41;138,45;35,60%;0,14;955;7,30%;CPA desejado;501;3,83%;457;310;0;0; --
27/02/2022;Ativada;[download]Manutencao_Marketing_geral; --;BRL;200;Diário;Qualificado;;App;100;9.970;386;0,42;162,95;31,46%;0,13;1.227;12,31%;CPA desejado;495;4,96%;734;479;0;0; --
01/03/2022;Ativada;[download]Manutencao_Marketing_geral; --;BRL;200;Diário;Qualificado;;App;100;17.330;554;0,31;172,64;33,07%;0,1;1.675;9,67%;CPA desejado;776;4,48%;903;604;0;0; --
03/03/2022;Ativada;[download]Manutencao_Marketing_geral; --;BRL;200;Diário;Qualificado;;App;100;19.501;399;0,41;162,51;17,99%;0,07;2.218;11,37%;CPA desejado;608;3,12%;1.622;980;0;0; --
04/03/2022;Ativada;[download]Manutencao_Marketing_geral; --;BRL;200;Diário;Qualificado;;App;100;17.744;447;0,35;154,28;28,10%;0,1;1.591;8,97%;CPA desejado;592;3,34%;1.006;602;0;0; --
17/03/2022;Ativada;[download]Manutencao_Marketing_geral; --;BRL;200;Diário;Qualificado;;App;100;15.726;421;0,41;174,27;27,06%;0,11;1.556;9,89%;CPA desejado;597;3,80%;960;654;0;0; --
30/03/2022;Ativada;[download]Manutencao_Marketing_geral; --;BRL;200;Diário;Qualificado;;App;100;11.051;320;0,26;81,79;64,65%;0,17;495;4,48%;CPA desejado;490;4,43%;5;4;0;0; --
21/05/2022;Ativada;[download]Manutencao_Marketing_geral; --;BRL;200;Diário;Qualificado;;App;100;25.622;846;0,29;244,42;19,76%;0,06;4.281;16,71%;CPA desejado;1.110;4,33%;3.196;2.142;0;0; --
27/05/2022;Ativada;[download]Manutencao_Marketing_geral; --;BRL;200;Diário;Qualificado;;App;100;22.155;623;0,28;173,26;25,55%;0,07;2.438;11,00%;CPA desejado;878;3,96%;1.571;1.072;0;0; --
01/06/2022;Ativada;[download]Manutencao_Marketing_geral; --;BRL;200;Diário;Qualificado;;App;100;17.519;546;0,32;172,85;22,47%;0,07;2.430;13,87%;CPA desejado;772;4,41%;1.673;1.176;0;0; --
13/06/2022;Ativada;[download]Manutencao_Marketing_geral; --;BRL;200;Diário;Qualificado;;App;100;14.318;546;0,27;145,63;31,60%;0,08;1.728;12,07%;CPA desejado;754;5,27%;978;696;0;0; --
18/06/2022;Ativada;[download]Manutencao_Marketing_geral; --;BRL;200;Diário;Qualificado;;App;100;19.845;693;0,28;192,02;21,04%;0,06;3.294;16,60%;CPA desejado;906;4,57%;2.398;1.710;0;0; --
20/06/2022;Ativada;[download]Manutencao_Marketing_geral; --;BRL;200;Diário;Qualificado;;App;100;13.295;464;0,28;130,99;33,21%;0,09;1.397;10,51%;CPA desejado;673;5,06%;724;512;0;0; --
27/06/2022;Ativada;[download]Manutencao_Marketing_geral; --;BRL;200;Diário;Qualificado;;App;100;15.347;529;0,3;158,12;51,11%;0,15;1.035;6,74%;CPA desejado;781;5,09%;257;150;0;0; --
20/01/2022;Ativada;[download]Manutencao_Marketing_geral; --;BRL;200;Diário;Qualificado;;App;100;7.573;227;0,42;95,73;36,50%;0,15;622;8,21%;CPA desejado;311;4,11%;314;208;0;0; --
21/01/2022;Ativada;[download]Manutencao_Marketing_geral; --;BRL;200;Diário;Qualificado;;App;100;8.930;245;0,38;93,45;53,15%;0,2;461;5,16%;CPA desejado;349;3,91%;112;68;0;0; --
13/02/2022;Ativada;[download]Manutencao_Marketing_geral; --;BRL;200;Diário;Qualificado;;App;100;6.536;164;1,03;168,86;27,47%;0,28;597;9,13%;CPA desejado;243;3,72%;361;195;0;0; --
15/02/2022;Ativada;[download]Manutencao_Marketing_geral; --;BRL;200;Diário;Qualificado;;App;100;8.728;193;0,87;167,16;26,88%;0,23;718;8,23%;CPA desejado;289;3,31%;442;253;0;0; --
18/02/2022;Ativada;[download]Manutencao_Marketing_geral; --;BRL;200;Diário;Qualificado;;App;100;10.632;294;0,53;156,59;25,32%;0,13;1.161;10,92%;CPA desejado;368;3,46%;797;530;0;0; --
08/03/2022;Ativada;[download]Manutencao_Marketing_geral; --;BRL;200;Diário;Qualificado;;App;100;9.639;307;0,53;161,87;20,56%;0,11;1.493;15,49%;CPA desejado;386;4,00%;1.120;715;0;0; --
12/03/2022;Ativada;[download]Manutencao_Marketing_geral; --;BRL;200;Diário;Qualificado;;App;100;26.481;585;0,54;318,55;15,16%;0,08;3.859;14,57%;CPA desejado;712;2,69%;3.187;1.823;0;0; --
04/01/2022;Ativada;[download]Manutencao_Marketing_geral; --;BRL;200;Diário;Qualificado;;App;100;0;0;0;0;0,00%; --;0; --;CPA desejado;0; --;0;0;0;0; --
11/01/2022;Ativada;[download]Manutencao_Marketing_geral; --;BRL;200;Diário;Qualificado;;App;100;6.818;183;0,54;98,48;41,03%;0,22;446;6,54%;CPA desejado;267;3,92%;180;114;0;0; --
15/01/2022;Ativada;[download]Manutencao_Marketing_geral; --;BRL;200;Diário;Qualificado;;App;100;6.210;216;0,44;93,98;67,08%;0,29;322;5,19%;CPA desejado;304;4,90%;18;11;0;0; --
23/01/2022;Ativada;[download]Manutencao_Marketing_geral; --;BRL;200;Diário;Qualificado;;App;100;7.041;203;0,46;93,49;22,51%;0,1;902;12,81%;CPA desejado;300;4,26%;610;400;0;0; --
25/01/2022;Ativada;[download]Manutencao_Marketing_geral; --;BRL;200;Diário;Qualificado;;App;100;8.324;203;0,46;93,87;17,02%;0,08;1.193;14,33%;CPA desejado;257;3,09%;939;594;0;0; --
28/01/2022;Ativada;[download]Manutencao_Marketing_geral; --;BRL;200;Diário;Qualificado;;App;100;1.637;31;0,44;13,71;22,30%;0,1;139;8,49%;CPA desejado;45;2,75%;95;63;0;0; --
31/01/2022;Ativada;[download]Manutencao_Marketing_geral; --;BRL;200;Diário;Qualificado;;App;100;0;0;0;0;0,00%; --;0; --;CPA desejado;0; --;0;0;0;0; --
06/02/2022;Ativada;[download]Manutencao_Marketing_geral; --;BRL;200;Diário;Qualificado;;App;100;0;0;0;0;0,00%; --;0; --;CPA desejado;0; --;0;0;0;0; --
07/02/2022;Ativada;[download]Manutencao_Marketing_geral; --;BRL;200;Diário;Qualificado;;App;100;19.794;43;4,07;174,99;2,87%;0,12;1.500;7,58%;CPA desejado;426;2,15%;1.139;446;0;0; --
11/02/2022;Ativada;[download]Manutencao_Marketing_geral; --;BRL;200;Diário;Qualificado;;App;100;5.497;62;2,58;159,77;16,99%;0,44;365;6,64%;CPA desejado;124;2,26%;253;134;0;0; --
07/03/2022;Ativada;[download]Manutencao_Marketing_geral; --;BRL;200;Diário;Qualificado;;App;100;0;0;0;0;0,00%; --;0; --;CPA desejado;0; --;0;0;0;0; --
10/03/2022;Ativada;[download]Manutencao_Marketing_geral; --;BRL;200;Diário;Qualificado;;App;100;16.310;346;0,7;240,67;14,09%;0,1;2.455;15,05%;CPA desejado;436;2,67%;2.033;1.157;0;0; --
11/03/2022;Ativada;[download]Manutencao_Marketing_geral; --;BRL;200;Diário;Qualificado;;App;100;26.439;464;0,69;319,48;16,26%;0,11;2.853;10,79%;CPA desejado;654;2,47%;2.216;1.189;0;0; --
22/03/2022;Ativada;[download]Manutencao_Marketing_geral; --;BRL;200;Diário;Qualificado;;App;100;16.722;205;0,51;104,46;14,06%;0,07;1.458;8,72%;CPA desejado;335;2,00%;1.126;766;0;0; --
23/03/2022;Ativada;[download]Manutencao_Marketing_geral; --;BRL;200;Diário;Qualificado;;App;100;22.334;257;0,57;147,28;13,84%;0,08;1.857;8,31%;CPA desejado;410;1,84%;1.452;977;0;0; --
07/04/2022;Ativada;[download]Manutencao_Marketing_geral; --;BRL;200;Diário;Qualificado;;App;100;13.010;411;0,39;162,14;60,35%;0,24;681;5,23%;CPA desejado;600;4,61%;81;55;0;0; --
17/04/2022;Ativada;[download]Manutencao_Marketing_geral; --;BRL;200;Diário;Qualificado;;App;100;14.037;534;0,29;153,68;25,40%;0,07;2.102;14,97%;CPA desejado;702;5,00%;1.407;936;0;0; --
05/05/2022;Ativada;[download]Manutencao_Marketing_geral; --;BRL;200;Diário;Qualificado;;App;100;11.293;329;0,29;94,74;64,51%;0,19;510;4,52%;CPA desejado;502;4,45%;8;8;0;0; --
10/05/2022;Ativada;[download]Manutencao_Marketing_geral; --;BRL;200;Diário;Qualificado;;App;100;11.624;365;0,25;90,11;69,92%;0,17;522;4,49%;CPA desejado;521;4,48%;1;0;0;0; --
15/05/2022;Ativada;[download]Manutencao_Marketing_geral; --;BRL;200;Diário;Qualificado;;App;100;16.490;635;0,28;174,89;59,91%;0,16;1.060;6,43%;CPA desejado;897;5,44%;163;121;0;0; --
03/06/2022;Ativada;[download]Manutencao_Marketing_geral; --;BRL;200;Diário;Qualificado;;App;100;17.699;715;0,25;178,32;25,61%;0,06;2.792;15,77%;CPA desejado;962;5,44%;1.836;1.338;0;0; --
16/06/2022;Ativada;[download]Manutencao_Marketing_geral; --;BRL;200;Diário;Qualificado;;App;100;16.769;684;0,26;176,01;56,07%;0,14;1.220;7,28%;CPA desejado;966;5,76%;259;190;0;0; --
17/06/2022;Ativada;[download]Manutencao_Marketing_geral; --;BRL;200;Diário;Qualificado;;App;100;14.940;502;0,24;121,96;37,46%;0,09;1.340;8,97%;CPA desejado;713;4,77%;629;445;0;0; --
10/01/2022;Ativada;[download]Manutencao_Marketing_geral; --;BRL;200;Diário;Qualificado;;App;100;5.117;110;0,9;99,19;32,74%;0,3;336;6,57%;CPA desejado;187;3,65%;151;90;0;0; --
16/01/2022;Ativada;[download]Manutencao_Marketing_geral; --;BRL;200;Diário;Qualificado;;App;100;6.463;229;0,41;93,56;65,24%;0,27;351;5,43%;CPA desejado;333;5,15%;18;7;0;0; --
22/01/2022;Ativada;[download]Manutencao_Marketing_geral; --;BRL;200;Diário;Qualificado;;App;100;6.409;208;0,45;92,96;35,62%;0,16;584;9,11%;CPA desejado;288;4,49%;298;190;0;0; --
12/02/2022;Ativada;[download]Manutencao_Marketing_geral; --;BRL;200;Diário;Qualificado;;App;100;7.435;123;1,3;159,63;20,40%;0,26;603;8,11%;CPA desejado;191;2,57%;427;225;0;0; --
14/02/2022;Ativada;[download]Manutencao_Marketing_geral; --;BRL;200;Diário;Qualificado;;App;100;11.102;164;1,01;165,44;14,75%;0,15;1.112;10,02%;CPA desejado;259;2,33%;866;464;0;0; --
23/02/2022;Ativada;[download]Manutencao_Marketing_geral; --;BRL;200;Diário;Qualificado;;App;100;12.269;333;0,45;150,26;65,29%;0,29;510;4,16%;CPA desejado;495;4,03%;15;7;0;0; --
09/03/2022;Ativada;[download]Manutencao_Marketing_geral; --;BRL;200;Diário;Qualificado;;App;100;1.054;28;0,55;15,52;16,18%;0,09;173;16,41%;CPA desejado;35;3,32%;138;102;0;0; --
13/03/2022;Ativada;[download]Manutencao_Marketing_geral; --;BRL;200;Diário;Qualificado;;App;100;15.848;540;0,44;235,12;31,16%;0,14;1.733;10,94%;CPA desejado;719;4,54%;1.021;610;0;0; --
25/03/2022;Ativada;[download]Manutencao_Marketing_geral; --;BRL;200;Diário;Qualificado;;App;100;18.096;389;0,63;246,13;16,03%;0,1;2.426;13,41%;CPA desejado;468;2,59%;1.968;1.227;0;0; --
27/03/2022;Ativada;[download]Manutencao_Marketing_geral; --;BRL;200;Diário;Qualificado;;App;100;10.848;392;0,46;179,44;25,00%;0,11;1.568;14,45%;CPA desejado;474;4,37%;1.102;714;0;0; --
31/03/2022;Ativada;[download]Manutencao_Marketing_geral; --;BRL;200;Diário;Qualificado;;App;100;12.783;356;0,33;115,88;64,85%;0,21;549;4,29%;CPA desejado;544;4,26%;5;4;0;0; --
02/04/2022;Ativada;[download]Manutencao_Marketing_geral; --;BRL;200;Diário;Qualificado;;App;100;15.174;464;0,42;193,26;14,83%;0,06;3.128;20,61%;CPA desejado;511;3,37%;2.624;1.744;0;0; --
04/04/2022;Ativada;[download]Manutencao_Marketing_geral; --;BRL;200;Diário;Qualificado;;App;100;13.113;395;0,33;130,9;23,03%;0,08;1.715;13,08%;CPA desejado;517;3,94%;1.203;790;0;0; --
21/04/2022;Ativada;[download]Manutencao_Marketing_geral; --;BRL;200;Diário;Qualificado;;App;100;16.555;523;0,31;162,77;63,55%;0,2;823;4,97%;CPA desejado;796;4,81%;28;20;0;0; --
22/04/2022;Ativada;[download]Manutencao_Marketing_geral; --;BRL;200;Diário;Qualificado;;App;100;13.863;439;0,29;126,62;59,89%;0,17;733;5,29%;CPA desejado;651;4,70%;83;36;0;0; --
23/04/2022;Ativada;[download]Manutencao_Marketing_geral; --;BRL;200;Diário;Qualificado;;App;100;15.076;514;0,31;157,09;65,48%;0,2;785;5,21%;CPA desejado;721;4,78%;65;15;0;0; --
24/04/2022;Ativada;[download]Manutencao_Marketing_geral; --;BRL;200;Diário;Qualificado;;App;100;12.554;466;0,33;152,88;59,67%;0,2;781;6,22%;CPA desejado;659;5,25%;122;67;0;0; --
24/05/2022;Ativada;[download]Manutencao_Marketing_geral; --;BRL;200;Diário;Qualificado;;App;100;16.605;496;0,26;129,25;58,70%;0,15;845;5,09%;CPA desejado;794;4,78%;52;22;0;0; --
31/05/2022;Ativada;[download]Manutencao_Marketing_geral; --;BRL;200;Diário;Qualificado;;App;100;16.771;590;0,26;154,55;63,51%;0,17;929;5,54%;CPA desejado;874;5,21%;55;33;0;0; --
04/06/2022;Ativada;[download]Manutencao_Marketing_geral; --;BRL;200;Diário;Qualificado;;App;100;20.796;844;0,27;231,1;29,12%;0,08;2.898;13,94%;CPA desejado;1.140;5,48%;1.764;1.218;0;0; --
10/06/2022;Ativada;[download]Manutencao_Marketing_geral; --;BRL;200;Diário;Qualificado;;App;100;13.762;568;0,26;147,2;42,23%;0,11;1.345;9,77%;CPA desejado;757;5,50%;591;414;0;0; --
12/06/2022;Ativada;[download]Manutencao_Marketing_geral; --;BRL;200;Diário;Qualificado;;App;100;21.697;1.039,00;0,26;270,62;32,88%;0,09;3.160;14,56%;CPA desejado;1.313;6,05%;1.852;1.351;0;0; --
21/06/2022;Ativada;[download]Manutencao_Marketing_geral; --;BRL;200;Diário;Qualificado;;App;100;12.050;455;0,27;123,61;53,72%;0,15;847;7,03%;CPA desejado;664;5,51%;183;129;0;0; --
22/06/2022;Ativada;[download]Manutencao_Marketing_geral; --;BRL;200;Diário;Qualificado;;App;100;11.700;474;0,26;123,02;68,30%;0,18;694;5,93%;CPA desejado;676;5,78%;18;14;0;0; --
23/06/2022;Ativada;[download]Manutencao_Marketing_geral; --;BRL;200;Diário;Qualificado;;App;100;12.000;579;0,25;145,93;61,08%;0,15;948;7,90%;CPA desejado;790;6,58%;159;110;0;0; --
03/01/2022;Ativada;[download]Manutencao_Marketing_geral; --;BRL;200;Diário;Qualificado;;App;100;0;0;0;0;0,00%; --;0; --;CPA desejado;0; --;0;0;0;0; --
12/01/2022;Ativada;[download]Manutencao_Marketing_geral; --;BRL;200;Diário;Qualificado;;App;100;7.903;227;0,43;96,94;37,03%;0,16;613;7,76%;CPA desejado;347;4,39%;267;175;0;0; --
29/03/2022;Ativada;[download]Manutencao_Marketing_geral; --;BRL;200;Diário;Qualificado;;App;100;9.999;263;0,2;51,33;51,87%;0,1;507;5,07%;CPA desejado;380;3,80%;128;90;0;0; --
06/04/2022;Ativada;[download]Manutencao_Marketing_geral; --;BRL;200;Diário;Qualificado;;App;100;12.716;400;0,36;144,34;44,30%;0,16;903;7,10%;CPA desejado;570;4,48%;335;240;0;0; --
08/04/2022;Ativada;[download]Manutencao_Marketing_geral; --;BRL;200;Diário;Qualificado;;App;100;8.662;328;0,39;128,05;30,37%;0,12;1.080;12,47%;CPA desejado;411;4,74%;670;459;0;0; --
09/04/2022;Ativada;[download]Manutencao_Marketing_geral; --;BRL;200;Diário;Qualificado;;App;100;9.556;379;0,34;130,48;24,45%;0,08;1.550;16,22%;CPA desejado;431;4,51%;1.122;741;0;0; --
11/04/2022;Ativada;[download]Manutencao_Marketing_geral; --;BRL;200;Diário;Qualificado;;App;100;11.574;390;0,29;113,79;29,98%;0,09;1.301;11,24%;CPA desejado;529;4,57%;776;521;0;0; --
14/04/2022;Ativada;[download]Manutencao_Marketing_geral; --;BRL;200;Diário;Qualificado;;App;100;15.637;541;0,3;159,99;42,60%;0,13;1.270;8,12%;CPA desejado;751;4,80%;521;298;0;0; --
15/04/2022;Ativada;[download]Manutencao_Marketing_geral; --;BRL;200;Diário;Qualificado;;App;100;12.708;536;0,32;173,24;42,34%;0,14;1.266;9,96%;CPA desejado;710;5,59%;560;308;0;0; --
26/04/2022;Ativada;[download]Manutencao_Marketing_geral; --;BRL;200;Diário;Qualificado;;App;100;10.202;280;0,22;62,67;62,50%;0,14;448;4,39%;CPA desejado;442;4,33%;6;4;0;0; --
30/04/2022;Ativada;[download]Manutencao_Marketing_geral; --;BRL;200;Diário;Qualificado;;App;100;16.636;609;0,25;149,32;67,52%;0,17;902;5,42%;CPA desejado;866;5,21%;36;25;0;0; --
01/05/2022;Ativada;[download]Manutencao_Marketing_geral; --;BRL;200;Diário;Qualificado;;App;100;13.933;565;0,26;148,58;66,24%;0,17;853;6,12%;CPA desejado;802;5,76%;51;33;0;0; --
03/05/2022;Ativada;[download]Manutencao_Marketing_geral; --;BRL;200;Diário;Qualificado;;App;100;11.119;357;0,29;104,88;61,98%;0,18;576;5,18%;CPA desejado;525;4,72%;52;29;0;0; --
06/05/2022;Ativada;[download]Manutencao_Marketing_geral; --;BRL;200;Diário;Qualificado;;App;100;13.650;443;0,26;117,16;68,15%;0,18;650;4,76%;CPA desejado;644;4,72%;6;5;0;0; --
29/05/2022;Ativada;[download]Manutencao_Marketing_geral; --;BRL;200;Diário;Qualificado;;App;100;23.301;959;0,24;227,03;40,43%;0,1;2.372;10,18%;CPA desejado;1.350;5,79%;1.026;684;0;0; --
06/06/2022;Ativada;[download]Manutencao_Marketing_geral; --;BRL;200;Diário;Qualificado;;App;100;14.628;474;0,34;159,5;22,55%;0,08;2.102;14,37%;CPA desejado;625;4,27%;1.482;1.036;0;0; --
08/06/2022;Ativada;[download]Manutencao_Marketing_geral; --;BRL;200;Diário;Qualificado;;App;100;11.296;398;0,25;98,98;48,01%;0,12;829;7,34%;CPA desejado;578;5,12%;251;176;0;0; --
14/06/2022;Ativada;[download]Manutencao_Marketing_geral; --;BRL;200;Diário;Qualificado;;App;100;13.395;445;0,3;133,13;43,67%;0,13;1.019;7,61%;CPA desejado;633;4,73%;387;285;0;0; --
15/06/2022;Ativada;[download]Manutencao_Marketing_geral; --;BRL;200;Diário;Qualificado;;App;100;12.428;453;0,29;131,86;54,38%;0,16;833;6,70%;CPA desejado;658;5,29%;176;123;0;0; --
05/01/2022;Ativada;[download]Manutencao_Marketing_geral; --;BRL;200;Diário;Qualificado;;App;100;0;0;0;0;0,00%; --;0; --;CPA desejado;0; --;0;0;0;0; --
09/01/2022;Ativada;[download]Manutencao_Marketing_geral; --;BRL;200;Diário;Qualificado;;App;100;2.453;23;4,11;94,6;21,50%;0,88;107;4,36%;CPA desejado;68;2,77%;39;17;0;0; --
13/01/2022;Ativada;[download]Manutencao_Marketing_geral; --;BRL;200;Diário;Qualificado;;App;100;7.602;224;0,43;96,53;41,79%;0,18;536;7,05%;CPA desejado;299;3,93%;239;152;0;0; --
19/01/2022;Ativada;[download]Manutencao_Marketing_geral; --;BRL;200;Diário;Qualificado;;App;100;7.981;202;0,48;96,89;22,88%;0,11;883;11,06%;CPA desejado;292;3,66%;594;384;0;0; --
01/02/2022;Ativada;[download]Manutencao_Marketing_geral; --;BRL;200;Diário;Qualificado;;App;100;0;0;0;0;0,00%; --;0; --;CPA desejado;0; --;0;0;0;0; --
02/02/2022;Ativada;[download]Manutencao_Marketing_geral; --;BRL;200;Diário;Qualificado;;App;100;0;0;0;0;0,00%; --;0; --;CPA desejado;0; --;0;0;0;0; --
18/03/2022;Ativada;[download]Manutencao_Marketing_geral; --;BRL;200;Diário;Qualificado;;App;100;15.425;390;0,44;172,63;27,20%;0,12;1.434;9,30%;CPA desejado;559;3,62%;882;615;0;0; --
12/04/2022;Ativada;[download]Manutencao_Marketing_geral; --;BRL;200;Diário;Qualificado;;App;100;11.611;393;0,28;110,13;37,29%;0,1;1.054;9,08%;CPA desejado;532;4,58%;525;339;0;0; --
25/04/2022;Ativada;[download]Manutencao_Marketing_geral; --;BRL;200;Diário;Qualificado;;App;100;12.533;402;0,33;134,27;61,09%;0,2;658;5,25%;CPA desejado;616;4,92%;42;28;0;0; --
27/04/2022;Ativada;[download]Manutencao_Marketing_geral; --;BRL;200;Diário;Qualificado;;App;100;11.459;309;0,26;80,15;63,71%;0,17;485;4,23%;CPA desejado;481;4,20%;4;2;0;0; --
28/04/2022;Ativada;[download]Manutencao_Marketing_geral; --;BRL;200;Diário;Qualificado;;App;100;12.111;344;0,25;84,33;65,52%;0,16;525;4,33%;CPA desejado;523;4,32%;2;2;0;0; --
19/05/2022;Ativada;[download]Manutencao_Marketing_geral; --;BRL;200;Diário;Qualificado;;App;100;16.979;514;0,28;146,2;40,63%;0,12;1.265;7,45%;CPA desejado;747;4,40%;527;336;0;0; --
09/06/2022;Ativada;[download]Manutencao_Marketing_geral; --;BRL;200;Diário;Qualificado;;App;100;11.998;443;0,28;124,56;43,56%;0,12;1.017;8,48%;CPA desejado;628;5,23%;390;278;0;0; --
26/06/2022;Ativada;[download]Manutencao_Marketing_geral; --;BRL;200;Diário;Qualificado;;App;100;18.393;858;0,29;245,75;56,15%;0,16;1.528;8,31%;CPA desejado;1.250;6,80%;281;179;0;0; --
04/02/2022;Ativada;[download]Manutencao_Marketing_geral; --;BRL;200;Diário;Qualificado;;App;100;0;0;0;0;0,00%; --;0; --;CPA desejado;0; --;0;0;0;0; --
10/02/2022;Ativada;[download]Manutencao_Marketing_geral; --;BRL;200;Diário;Qualificado;;App;100;13.944;41;4,72;193,51;5,80%;0,27;707;5,07%;CPA desejado;185;1,33%;544;261;0;0; --
05/03/2022;Ativada;[download]Manutencao_Marketing_geral; --;BRL;200;Diário;Qualificado;;App;100;1.506;37;0,28;10,39;25,17%;0,07;147;9,76%;CPA desejado;49;3,25%;99;66;0;0; --
06/03/2022;Ativada;[download]Manutencao_Marketing_geral; --;BRL;200;Diário;Qualificado;;App;100;0;0;0;0;0,00%; --;0; --;CPA desejado;0; --;0;0;0;0; --
28/03/2022;Ativada;[download]Manutencao_Marketing_geral; --;BRL;200;Diário;Qualificado;;App;100;8.881;236;0,24;55,99;38,63%;0,09;611;6,88%;CPA desejado;356;4,01%;258;187;0;0; --
01/04/2022;Ativada;[download]Manutencao_Marketing_geral; --;BRL;200;Diário;Qualificado;;App;100;16.951;508;0,36;182,19;33,18%;0,12;1.531;9,03%;CPA desejado;704;4,15%;830;536;0;0; --
03/04/2022;Ativada;[download]Manutencao_Marketing_geral; --;BRL;200;Diário;Qualificado;;App;100;14.202;505;0,38;192,06;18,50%;0,07;2.730;19,22%;CPA desejado;595;4,19%;2.147;1.403;0;0; --
16/04/2022;Ativada;[download]Manutencao_Marketing_geral; --;BRL;200;Diário;Qualificado;;App;100;16.950;547;0,26;141,83;25,72%;0,07;2.127;12,55%;CPA desejado;693;4,09%;1.444;942;0;0; --
20/04/2022;Ativada;[download]Manutencao_Marketing_geral; --;BRL;200;Diário;Qualificado;;App;100;13.524;367;0,28;102,72;48,04%;0,13;764;5,65%;CPA desejado;526;3,89%;240;167;0;0; --
29/04/2022;Ativada;[download]Manutencao_Marketing_geral; --;BRL;200;Diário;Qualificado;;App;100;15.498;455;0,28;127,13;62,16%;0,17;732;4,72%;CPA desejado;677;4,37%;55;40;0;0; --
13/05/2022;Ativada;[download]Manutencao_Marketing_geral; --;BRL;200;Diário;Qualificado;;App;100;12.935;435;0,26;111,62;67,23%;0,17;647;5,00%;CPA desejado;640;4,95%;7;2;0;0; --
18/05/2022;Ativada;[download]Manutencao_Marketing_geral; --;BRL;200;Diário;Qualificado;;App;100;14.765;459;0,23;106;56,88%;0,13;807;5,47%;CPA desejado;703;4,76%;104;71;0;0; --
22/05/2022;Ativada;[download]Manutencao_Marketing_geral; --;BRL;200;Diário;Qualificado;;App;100;24.560;995;0,25;245,5;28,97%;0,07;3.435;13,99%;CPA desejado;1.331;5,42%;2.114;1.472;0;0; --
23/05/2022;Ativada;[download]Manutencao_Marketing_geral; --;BRL;200;Diário;Qualificado;;App;100;17.237;475;0,28;131,64;29,38%;0,08;1.617;9,38%;CPA desejado;708;4,11%;912;624;0;0; --
02/06/2022;Ativada;[download]Manutencao_Marketing_geral; --;BRL;200;Diário;Qualificado;;App;100;16.709;523;0,29;153,55;19,21%;0,06;2.722;16,29%;CPA desejado;729;4,36%;2.004;1.389;0;0; --
05/06/2022;Ativada;[download]Manutencao_Marketing_geral; --;BRL;200;Diário;Qualificado;;App;100;18.768;788;0,29;228,5;27,12%;0,08;2.906;15,48%;CPA desejado;1.025;5,46%;1.890;1.322;0;0; --
01/01/2022;Ativada;[download]Manutencao_Marketing_geral; --;BRL;200;Diário;Qualificado;;App;100;0;0;0;0;0,00%; --;0; --;CPA desejado;0; --;0;0;0;0; --
02/01/2022;Ativada;[download]Manutencao_Marketing_geral; --;BRL;200;Diário;Qualificado;;App;100;0;0;0;0;0,00%; --;0; --;CPA desejado;0; --;0;0;0;0; --
07/01/2022;Ativada;[download]Manutencao_Marketing_geral; --;BRL;200;Diário;Qualificado;;App;100;5.401;22;4,48;98,55;0,97%;0,04;2.274;42,10%;CPA desejado;95;1,76%;2.240;1.245;0;0; --
08/01/2022;Ativada;[download]Manutencao_Marketing_geral; --;BRL;200;Diário;Qualificado;;App;100;6.908;15;6,63;99,38;3,20%;0,21;469;6,79%;CPA desejado;117;1,69%;369;131;0;0; --
30/01/2022;Ativada;[download]Manutencao_Marketing_geral; --;BRL;200;Diário;Qualificado;;App;100;0;0;0;0;0,00%; --;0; --;CPA desejado;0; --;0;0;0;0; --
05/02/2022;Ativada;[download]Manutencao_Marketing_geral; --;BRL;200;Diário;Qualificado;;App;100;0;0;0;0;0,00%; --;0; --;CPA desejado;0; --;0;0;0;0; --
08/02/2022;Ativada;[download]Manutencao_Marketing_geral; --;BRL;200;Diário;Qualificado;;App;100;13.471;22;5,54;121,92;2,50%;0,14;879;6,53%;CPA desejado;188;1,40%;720;381;0;0; --
17/02/2022;Ativada;[download]Manutencao_Marketing_geral; --;BRL;200;Diário;Qualificado;;App;100;11.349;273;0,58;159,02;26,45%;0,15;1.032;9,09%;CPA desejado;361;3,18%;673;378;0;0; --
20/02/2022;Ativada;[download]Manutencao_Marketing_geral; --;BRL;200;Diário;Qualificado;;App;100;9.933;358;0,44;155,88;36,31%;0,16;986;9,93%;CPA desejado;455;4,58%;533;335;0;0; --
22/02/2022;Ativada;[download]Manutencao_Marketing_geral; --;BRL;200;Diário;Qualificado;;App;100;12.608;355;0,43;152,64;47,78%;0,21;743;5,89%;CPA desejado;515;4,08%;229;165;0;0; --
24/02/2022;Ativada;[download]Manutencao_Marketing_geral; --;BRL;200;Diário;Qualificado;;App;100;14.409;374;0,45;169,93;58,81%;0,27;636;4,41%;CPA desejado;542;3,76%;99;20;0;0; --
25/02/2022;Ativada;[download]Manutencao_Marketing_geral; --;BRL;200;Diário;Qualificado;;App;100;14.059;398;0,44;173,2;57,85%;0,25;688;4,89%;CPA desejado;551;3,92%;141;31;0;0; --
26/02/2022;Ativada;[download]Manutencao_Marketing_geral; --;BRL;200;Diário;Qualificado;;App;100;10.784;374;0,46;170,3;35,45%;0,16;1.055;9,78%;CPA desejado;507;4,70%;552;356;0;0; --
28/02/2022;Ativada;[download]Manutencao_Marketing_geral; --;BRL;200;Diário;Qualificado;;App;100;11.332;431;0,31;135,4;44,25%;0,14;974;8,60%;CPA desejado;573;5,06%;403;277;0;0; --
15/03/2022;Ativada;[download]Manutencao_Marketing_geral; --;BRL;200;Diário;Qualificado;;App;100;15.153;385;0,4;152,7;36,77%;0,15;1.047;6,91%;CPA desejado;577;3,81%;471;309;0;0; --
20/03/2022;Ativada;[download]Manutencao_Marketing_geral; --;BRL;200;Diário;Qualificado;;App;100;13.351;429;0,39;168,91;26,21%;0,1;1.637;12,26%;CPA desejado;559;4,19%;1.083;694;0;0; --
21/03/2022;Ativada;[download]Manutencao_Marketing_geral; --;BRL;200;Diário;Qualificado;;App;100;15.436;273;0,42;114,31;20,67%;0,09;1.321;8,56%;CPA desejado;405;2,62%;921;634;0;0; --
05/04/2022;Ativada;[download]Manutencao_Marketing_geral; --;BRL;200;Diário;Qualificado;;App;100;13.995;409;0,33;136,49;23,85%;0,08;1.715;12,25%;CPA desejado;578;4,13%;1.143;761;0;0; --
10/04/2022;Ativada;[download]Manutencao_Marketing_geral; --;BRL;200;Diário;Qualificado;;App;100;8.956;394;0,33;130,7;28,43%;0,09;1.386;15,48%;CPA desejado;497;5,55%;894;599;0;0; --
13/04/2022;Ativada;[download]Manutencao_Marketing_geral; --;BRL;200;Diário;Qualificado;;App;100;11.776;365;0,29;106,02;59,16%;0,17;617;5,24%;CPA desejado;535;4,54%;82;56;0;0; --
19/04/2022;Ativada;[download]Manutencao_Marketing_geral; --;BRL;200;Diário;Qualificado;;App;100;12.018;358;0,3;108,44;31,57%;0,1;1.134;9,44%;CPA desejado;517;4,30%;617;429;0;0; --
02/05/2022;Ativada;[download]Manutencao_Marketing_geral; --;BRL;200;Diário;Qualificado;;App;100;11.857;347;0,3;104,1;56,06%;0,17;619;5,22%;CPA desejado;537;4,53%;82;50;0;0; --
04/05/2022;Ativada;[download]Manutencao_Marketing_geral; --;BRL;200;Diário;Qualificado;;App;100;11.980;342;0,28;94,97;61,73%;0,17;554;4,62%;CPA desejado;531;4,43%;23;12;0;0; --
07/05/2022;Ativada;[download]Manutencao_Marketing_geral; --;BRL;200;Diário;Qualificado;;App;100;15.415;569;0,26;146,31;68,23%;0,18;834;5,41%;CPA desejado;829;5,38%;5;3;0;0; --
11/05/2022;Ativada;[download]Manutencao_Marketing_geral; --;BRL;200;Diário;Qualificado;;App;100;10.951;366;0,28;101,57;68,03%;0,19;538;4,91%;CPA desejado;533;4,87%;5;3;0;0; --
17/05/2022;Ativada;[download]Manutencao_Marketing_geral; --;BRL;200;Diário;Qualificado;;App;100;13.261;465;0,21;95,91;58,13%;0,12;800;6,03%;CPA desejado;716;5,40%;85;64;0;0; --
25/05/2022;Ativada;[download]Manutencao_Marketing_geral; --;BRL;200;Diário;Qualificado;;App;100;16.020;497;0,24;118,46;50,82%;0,12;978;6,10%;CPA desejado;761;4,75%;220;151;0;0; --
26/05/2022;Ativada;[download]Manutencao_Marketing_geral; --;BRL;200;Diário;Qualificado;;App;100;18.054;515;0,3;152,45;29,82%;0,09;1.727;9,57%;CPA desejado;787;4,36%;948;634;0;0; --
28/05/2022;Ativada;[download]Manutencao_Marketing_geral; --;BRL;200;Diário;Qualificado;;App;100;24.525;877;0,25;219,11;29,27%;0,07;2.996;12,22%;CPA desejado;1.187;4,84%;1.817;1.252;0;0; --
07/06/2022;Ativada;[download]Manutencao_Marketing_geral; --;BRL;200;Diário;Qualificado;;App;100;12.690;480;0,27;130,78;28,07%;0,08;1.710;13,48%;CPA desejado;636;5,01%;1.076;780;0;0; --
11/06/2022;Ativada;[download]Manutencao_Marketing_geral; --;BRL;200;Diário;Qualificado;;App;100;18.336;723;0,25;177,54;27,67%;0,07;2.613;14,25%;CPA desejado;921;5,02%;1.704;1.208;0;0; --
